accuracy,loss,val_accuracy,val_loss,learning_rate,epoch
0.05064935237169266,4.482055187225342,0.05000000074505806,3.048844575881958,9.999999747378752e-05,1
0.045129869133234024,4.50358247756958,0.05000000074505806,3.1094088554382324,9.999999747378752e-05,2
0.052272725850343704,4.463366508483887,0.05000000074505806,3.17881441116333,9.999999747378752e-05,3
