accuracy,loss,val_accuracy,val_loss,learning_rate,epoch
0.399350643157959,2.10204815864563,0.06477272510528564,5.764372825622559,9.999999747378752e-05,1
0.42240259051322937,2.0063955783843994,0.06931818276643753,5.766547203063965,9.999999747378752e-05,2
