accuracy,loss,val_accuracy,val_loss,learning_rate,epoch
0.055194806307554245,4.15136194229126,0.05454545468091965,3.0257158279418945,9.999999747378752e-05,1
0.051948051899671555,4.099808216094971,0.05454545468091965,3.1092278957366943,9.999999747378752e-05,2
0.05616883188486099,4.113059043884277,0.05454545468091965,3.1044182777404785,9.999999747378752e-05,3
0.05454545468091965,4.090509414672852,0.05454545468091965,3.22592830657959,9.999999747378752e-05,4
0.058766234666109085,4.00509786605835,0.05454545468091965,3.395270347595215,9.999999747378752e-05,5
