accuracy,loss,val_accuracy,val_loss,learning_rate,epoch
0.04740259796380997,4.189698696136475,0.05113636329770088,3.1148123741149902,9.999999747378752e-05,1
0.05324675142765045,4.204100608825684,0.05113636329770088,3.2650134563446045,9.999999747378752e-05,2
0.05844155699014664,4.129560470581055,0.05113636329770088,3.3370542526245117,9.999999747378752e-05,3
0.0542207807302475,4.106068134307861,0.06022727116942406,3.4266302585601807,9.999999747378752e-05,4
0.055194806307554245,4.0513715744018555,0.04886363819241524,3.4044344425201416,9.999999747378752e-05,5
0.055519480258226395,4.0662736892700195,0.05454545468091965,3.5021796226501465,9.999999747378752e-05,1
