accuracy,loss,val_accuracy,val_loss,learning_rate,epoch
0.05064935237169266,4.109263896942139,0.05568181723356247,3.0840201377868652,9.999999747378752e-05,1
0.05811688303947449,4.030608654022217,0.05568181723356247,3.230173110961914,9.999999747378752e-05,2
0.06785714626312256,3.965254306793213,0.05454545468091965,3.428379774093628,9.999999747378752e-05,3
0.08538961410522461,3.87907075881958,0.05454545468091965,3.7813379764556885,9.999999747378752e-05,4
0.08474025875329971,3.7624547481536865,0.05454545468091965,3.9309146404266357,9.999999747378752e-05,5
0.1051948070526123,3.6351065635681152,0.05454545468091965,4.711577415466309,9.999999747378752e-05,6
