epoch,test_loss,test_accuracy
1,3.062561273574829,0.040909089148044586
