accuracy,loss,learning_rate,epoch
0.05624999850988388,4.551774978637695,9.999999747378752e-05,1
